n_clusters,metric,linkage,max_nbr_values,max_nbr_values_cat,time,silhouette,calinski_harabasz,davies_bouldin,alg,dataset
10,correlation,average,1000.0,100,3.556782960891724,0.0255,590.6807,2.4757,skl_agglomerativeClust,fico.zip
10,correlation,average,1000.0,20,3.5908303260803223,0.0255,590.6807,2.4757,skl_agglomerativeClust,fico.zip
10,correlation,average,100.0,100,3.594863176345825,-0.0319,412.0584,2.5057,skl_agglomerativeClust,fico.zip
10,correlation,average,100.0,20,3.5567400455474854,0.0255,590.6807,2.4757,skl_agglomerativeClust,fico.zip
10,correlation,average,20.0,20,3.0622341632843018,0.0623,1171.9766,2.3817,skl_agglomerativeClust,fico.zip
10,correlation,average,inf,100,3.581339120864868,0.0255,590.6807,2.4757,skl_agglomerativeClust,fico.zip
10,correlation,average,inf,20,3.5677919387817383,0.0255,590.6807,2.4757,skl_agglomerativeClust,fico.zip
10,correlation,complete,1000.0,100,3.363191843032837,-0.0102,490.9615,2.8852,skl_agglomerativeClust,fico.zip
10,correlation,complete,1000.0,20,3.3408679962158203,-0.0102,490.9615,2.8852,skl_agglomerativeClust,fico.zip
10,correlation,complete,100.0,100,3.39521861076355,-0.0033,559.8794,2.8269,skl_agglomerativeClust,fico.zip
10,correlation,complete,100.0,20,3.342413663864136,-0.0102,490.9615,2.8852,skl_agglomerativeClust,fico.zip
10,correlation,complete,20.0,20,2.7941391468048096,-0.0152,546.1295,3.3656,skl_agglomerativeClust,fico.zip
10,correlation,complete,inf,100,3.3472611904144287,-0.0102,490.9615,2.8852,skl_agglomerativeClust,fico.zip
10,correlation,complete,inf,20,3.351752281188965,-0.0102,490.9615,2.8852,skl_agglomerativeClust,fico.zip
10,correlation,single,1000.0,100,1.1829190254211426,-0.357,0.349,1.9403,skl_agglomerativeClust,fico.zip
10,correlation,single,1000.0,20,1.17933988571167,-0.357,0.349,1.9403,skl_agglomerativeClust,fico.zip
10,correlation,single,100.0,100,1.1934657096862793,-0.3446,0.3984,1.7969,skl_agglomerativeClust,fico.zip
10,correlation,single,100.0,20,1.2004806995391846,-0.357,0.349,1.9403,skl_agglomerativeClust,fico.zip
10,correlation,single,20.0,20,1.1658854484558103,-0.3468,0.3814,1.9505,skl_agglomerativeClust,fico.zip
10,correlation,single,inf,100,1.1789917945861816,-0.357,0.349,1.9403,skl_agglomerativeClust,fico.zip
10,correlation,single,inf,20,1.1819698810577393,-0.357,0.349,1.9403,skl_agglomerativeClust,fico.zip
10,cosine,average,1000.0,100,3.5755207538604736,0.0049,1421.0453,2.1893,skl_agglomerativeClust,fico.zip
10,cosine,average,1000.0,20,3.5839953422546387,0.0049,1421.0453,2.1893,skl_agglomerativeClust,fico.zip
10,cosine,average,100.0,100,3.564013957977295,0.0084,1120.2668,2.2336,skl_agglomerativeClust,fico.zip
10,cosine,average,100.0,20,3.583220958709717,0.0049,1421.0453,2.1893,skl_agglomerativeClust,fico.zip
10,cosine,average,20.0,20,3.003307580947876,0.0196,1211.7583,2.3695,skl_agglomerativeClust,fico.zip
10,cosine,average,inf,100,3.5945539474487305,0.0049,1421.0453,2.1893,skl_agglomerativeClust,fico.zip
10,cosine,average,inf,20,3.588918924331665,0.0049,1421.0453,2.1893,skl_agglomerativeClust,fico.zip
10,cosine,complete,1000.0,100,3.364285707473755,-0.0086,488.0632,2.7013,skl_agglomerativeClust,fico.zip
10,cosine,complete,1000.0,20,3.3555948734283447,-0.0086,488.0632,2.7013,skl_agglomerativeClust,fico.zip
10,cosine,complete,100.0,100,3.427742958068848,0.0129,720.813,2.9111,skl_agglomerativeClust,fico.zip
10,cosine,complete,100.0,20,3.3696177005767822,-0.0086,488.0632,2.7013,skl_agglomerativeClust,fico.zip
10,cosine,complete,20.0,20,2.789478302001953,-0.0345,384.9208,3.3127,skl_agglomerativeClust,fico.zip
10,cosine,complete,inf,100,3.3701980113983154,-0.0086,488.0632,2.7013,skl_agglomerativeClust,fico.zip
10,cosine,complete,inf,20,3.365764141082764,-0.0086,488.0632,2.7013,skl_agglomerativeClust,fico.zip
10,cosine,single,1000.0,100,1.178560495376587,-0.2157,869.4321,1.398,skl_agglomerativeClust,fico.zip
10,cosine,single,1000.0,20,1.1839418411254885,-0.2157,869.4321,1.398,skl_agglomerativeClust,fico.zip
10,cosine,single,100.0,100,1.183393955230713,-0.2134,869.4549,1.3641,skl_agglomerativeClust,fico.zip
10,cosine,single,100.0,20,1.1913230419158936,-0.2157,869.4321,1.398,skl_agglomerativeClust,fico.zip
10,cosine,single,20.0,20,1.1768701076507568,-0.2041,869.6938,1.2579,skl_agglomerativeClust,fico.zip
10,cosine,single,inf,100,1.1784048080444336,-0.2157,869.4321,1.398,skl_agglomerativeClust,fico.zip
10,cosine,single,inf,20,1.1930782794952393,-0.2157,869.4321,1.398,skl_agglomerativeClust,fico.zip
10,euclidean,average,1000.0,100,3.872882127761841,0.4886,948.8128,0.4744,skl_agglomerativeClust,fico.zip
10,euclidean,average,1000.0,20,3.885052442550659,0.4886,948.8128,0.4744,skl_agglomerativeClust,fico.zip
10,euclidean,average,100.0,100,3.8672473430633545,0.551,951.448,0.483,skl_agglomerativeClust,fico.zip
10,euclidean,average,100.0,20,3.910121202468872,0.4886,948.8128,0.4744,skl_agglomerativeClust,fico.zip
10,euclidean,average,20.0,20,3.333766460418701,0.5504,954.7152,0.4937,skl_agglomerativeClust,fico.zip
10,euclidean,average,inf,100,3.902976751327514,0.4886,948.8128,0.4744,skl_agglomerativeClust,fico.zip
10,euclidean,average,inf,20,3.884474277496338,0.4886,948.8128,0.4744,skl_agglomerativeClust,fico.zip
10,euclidean,complete,1000.0,100,3.6199734210968018,0.1906,1158.0766,1.3411,skl_agglomerativeClust,fico.zip
10,euclidean,complete,1000.0,20,3.6378133296966553,0.1906,1158.0766,1.3411,skl_agglomerativeClust,fico.zip
10,euclidean,complete,100.0,100,3.6290395259857178,0.1766,1038.4048,1.0973,skl_agglomerativeClust,fico.zip
10,euclidean,complete,100.0,20,3.656578302383423,0.1906,1158.0766,1.3411,skl_agglomerativeClust,fico.zip
10,euclidean,complete,20.0,20,3.1715245246887207,0.0951,1193.8303,1.6092,skl_agglomerativeClust,fico.zip
10,euclidean,complete,inf,100,3.6439173221588135,0.1906,1158.0766,1.3411,skl_agglomerativeClust,fico.zip
10,euclidean,complete,inf,20,3.6390554904937744,0.1906,1158.0766,1.3411,skl_agglomerativeClust,fico.zip
10,euclidean,single,1000.0,100,1.6788129806518557,0.4738,911.9119,0.2643,skl_agglomerativeClust,fico.zip
10,euclidean,single,1000.0,20,1.6868014335632324,0.4738,911.9119,0.2643,skl_agglomerativeClust,fico.zip
10,euclidean,single,100.0,100,1.6685216426849363,0.4738,911.9119,0.2643,skl_agglomerativeClust,fico.zip
10,euclidean,single,100.0,20,1.6710879802703855,0.4738,911.9119,0.2643,skl_agglomerativeClust,fico.zip
10,euclidean,single,20.0,20,1.7676382064819336,0.4569,916.9966,0.2845,skl_agglomerativeClust,fico.zip
10,euclidean,single,inf,100,1.6885170936584473,0.4738,911.9119,0.2643,skl_agglomerativeClust,fico.zip
10,euclidean,single,inf,20,1.6720669269561768,0.4738,911.9119,0.2643,skl_agglomerativeClust,fico.zip
10,euclidean,ward,1000.0,100,3.723201036453247,0.0942,1716.0214,2.1446,skl_agglomerativeClust,fico.zip
10,euclidean,ward,1000.0,20,3.735021114349365,0.0942,1716.0214,2.1446,skl_agglomerativeClust,fico.zip
10,euclidean,ward,100.0,100,3.686756849288941,0.0849,1726.3694,2.1304,skl_agglomerativeClust,fico.zip
10,euclidean,ward,100.0,20,3.7613470554351807,0.0942,1716.0214,2.1446,skl_agglomerativeClust,fico.zip
10,euclidean,ward,20.0,20,3.2243545055389404,0.1126,1690.1156,2.0809,skl_agglomerativeClust,fico.zip
10,euclidean,ward,inf,100,3.7426116466522217,0.0942,1716.0214,2.1446,skl_agglomerativeClust,fico.zip
10,euclidean,ward,inf,20,3.738281488418579,0.0942,1716.0214,2.1446,skl_agglomerativeClust,fico.zip
12,correlation,average,1000.0,100,3.548422336578369,-0.0012,503.1706,2.4616,skl_agglomerativeClust,fico.zip
12,correlation,average,1000.0,20,3.5564866065979004,-0.0012,503.1706,2.4616,skl_agglomerativeClust,fico.zip
12,correlation,average,100.0,100,3.591346740722656,-0.0449,344.0691,2.5701,skl_agglomerativeClust,fico.zip
12,correlation,average,100.0,20,3.5700464248657227,-0.0012,503.1706,2.4616,skl_agglomerativeClust,fico.zip
12,correlation,average,20.0,20,3.0643630027771,0.0596,1047.6542,2.357,skl_agglomerativeClust,fico.zip
12,correlation,average,inf,100,3.5517325401306152,-0.0012,503.1706,2.4616,skl_agglomerativeClust,fico.zip
12,correlation,average,inf,20,3.5540883541107178,-0.0012,503.1706,2.4616,skl_agglomerativeClust,fico.zip
12,correlation,complete,1000.0,100,3.367359161376953,-0.0137,430.46,2.7596,skl_agglomerativeClust,fico.zip
12,correlation,complete,1000.0,20,3.330946683883667,-0.0137,430.46,2.7596,skl_agglomerativeClust,fico.zip
12,correlation,complete,100.0,100,3.3324782848358154,-0.0043,484.8147,2.7603,skl_agglomerativeClust,fico.zip
12,correlation,complete,100.0,20,3.328853845596313,-0.0137,430.46,2.7596,skl_agglomerativeClust,fico.zip
12,correlation,complete,20.0,20,2.8064053058624268,-0.0144,472.6796,3.1426,skl_agglomerativeClust,fico.zip
12,correlation,complete,inf,100,3.3394486904144287,-0.0137,430.46,2.7596,skl_agglomerativeClust,fico.zip
12,correlation,complete,inf,20,3.3359196186065674,-0.0137,430.46,2.7596,skl_agglomerativeClust,fico.zip
12,correlation,single,1000.0,100,1.1783466339111328,-0.3573,0.4045,1.7954,skl_agglomerativeClust,fico.zip
12,correlation,single,1000.0,20,1.1925430297851562,-0.3573,0.4045,1.7954,skl_agglomerativeClust,fico.zip
12,correlation,single,100.0,100,1.1789894104003906,-0.3607,0.3521,1.9648,skl_agglomerativeClust,fico.zip
12,correlation,single,100.0,20,1.1788923740386963,-0.3573,0.4045,1.7954,skl_agglomerativeClust,fico.zip
12,correlation,single,20.0,20,1.1752521991729736,-0.3539,0.3653,1.9009,skl_agglomerativeClust,fico.zip
12,correlation,single,inf,100,1.177755355834961,-0.3573,0.4045,1.7954,skl_agglomerativeClust,fico.zip
12,correlation,single,inf,20,1.1761348247528076,-0.3573,0.4045,1.7954,skl_agglomerativeClust,fico.zip
12,cosine,average,1000.0,100,3.6078226566314697,0.0111,1241.6078,2.2149,skl_agglomerativeClust,fico.zip
12,cosine,average,1000.0,20,3.615456342697144,0.0111,1241.6078,2.2149,skl_agglomerativeClust,fico.zip
12,cosine,average,100.0,100,3.580308437347412,0.0185,987.422,2.2433,skl_agglomerativeClust,fico.zip
12,cosine,average,100.0,20,3.6187853813171382,0.0111,1241.6078,2.2149,skl_agglomerativeClust,fico.zip
12,cosine,average,20.0,20,3.018483638763428,0.0347,1080.5558,2.3648,skl_agglomerativeClust,fico.zip
12,cosine,average,inf,100,3.602000951766968,0.0111,1241.6078,2.2149,skl_agglomerativeClust,fico.zip
12,cosine,average,inf,20,3.620064020156861,0.0111,1241.6078,2.2149,skl_agglomerativeClust,fico.zip
12,cosine,complete,1000.0,100,3.369259119033813,-0.0206,413.297,2.6888,skl_agglomerativeClust,fico.zip
12,cosine,complete,1000.0,20,3.5664453506469727,-0.0206,413.297,2.6888,skl_agglomerativeClust,fico.zip
12,cosine,complete,100.0,100,3.418107509613037,-0.0086,612.1988,3.0956,skl_agglomerativeClust,fico.zip
12,cosine,complete,100.0,20,3.3709380626678467,-0.0206,413.297,2.6888,skl_agglomerativeClust,fico.zip
12,cosine,complete,20.0,20,2.803697347640991,-0.0568,334.7786,3.3833,skl_agglomerativeClust,fico.zip
12,cosine,complete,inf,100,3.406901359558105,-0.0206,413.297,2.6888,skl_agglomerativeClust,fico.zip
12,cosine,complete,inf,20,3.371304988861084,-0.0206,413.297,2.6888,skl_agglomerativeClust,fico.zip
12,cosine,single,1000.0,100,1.1831481456756592,-0.2163,711.5916,1.3148,skl_agglomerativeClust,fico.zip
12,cosine,single,1000.0,20,1.191828727722168,-0.2163,711.5916,1.3148,skl_agglomerativeClust,fico.zip
12,cosine,single,100.0,100,1.1898107528686523,-0.2242,711.4818,1.3696,skl_agglomerativeClust,fico.zip
12,cosine,single,100.0,20,1.1862685680389404,-0.2163,711.5916,1.3148,skl_agglomerativeClust,fico.zip
12,cosine,single,20.0,20,1.191802978515625,-0.2313,711.5437,1.3227,skl_agglomerativeClust,fico.zip
12,cosine,single,inf,100,1.1938655376434326,-0.2163,711.5916,1.3148,skl_agglomerativeClust,fico.zip
12,cosine,single,inf,20,1.1919050216674805,-0.2163,711.5916,1.3148,skl_agglomerativeClust,fico.zip
12,euclidean,average,1000.0,100,3.907764196395874,0.4106,793.8704,0.6551,skl_agglomerativeClust,fico.zip
12,euclidean,average,1000.0,20,3.888300895690918,0.4106,793.8704,0.6551,skl_agglomerativeClust,fico.zip
12,euclidean,average,100.0,100,3.886898040771485,0.4274,788.8001,0.7219,skl_agglomerativeClust,fico.zip
12,euclidean,average,100.0,20,3.897045612335205,0.4106,793.8704,0.6551,skl_agglomerativeClust,fico.zip
12,euclidean,average,20.0,20,3.3528573513031006,0.4302,788.3455,0.5896,skl_agglomerativeClust,fico.zip
12,euclidean,average,inf,100,3.915233850479126,0.4106,793.8704,0.6551,skl_agglomerativeClust,fico.zip
12,euclidean,average,inf,20,3.905551910400391,0.4106,793.8704,0.6551,skl_agglomerativeClust,fico.zip
12,euclidean,complete,1000.0,100,3.663715362548828,0.1846,952.3892,1.2204,skl_agglomerativeClust,fico.zip
12,euclidean,complete,1000.0,20,3.630681991577149,0.1846,952.3892,1.2204,skl_agglomerativeClust,fico.zip
12,euclidean,complete,100.0,100,3.648613452911377,0.1627,957.2415,1.3588,skl_agglomerativeClust,fico.zip
12,euclidean,complete,100.0,20,3.654041051864624,0.1846,952.3892,1.2204,skl_agglomerativeClust,fico.zip
12,euclidean,complete,20.0,20,3.1594154834747314,0.0941,981.6615,1.4996,skl_agglomerativeClust,fico.zip
12,euclidean,complete,inf,100,3.658060789108277,0.1846,952.3892,1.2204,skl_agglomerativeClust,fico.zip
12,euclidean,complete,inf,20,3.635444641113281,0.1846,952.3892,1.2204,skl_agglomerativeClust,fico.zip
12,euclidean,single,1000.0,100,1.6685025691986084,0.4562,753.4731,0.3115,skl_agglomerativeClust,fico.zip
12,euclidean,single,1000.0,20,1.6807637214660645,0.4562,753.4731,0.3115,skl_agglomerativeClust,fico.zip
12,euclidean,single,100.0,100,1.7047419548034668,0.4746,759.5956,0.3619,skl_agglomerativeClust,fico.zip
12,euclidean,single,100.0,20,1.6704494953155518,0.4562,753.4731,0.3115,skl_agglomerativeClust,fico.zip
12,euclidean,single,20.0,20,1.7683005332946775,0.4566,758.2517,0.3616,skl_agglomerativeClust,fico.zip
12,euclidean,single,inf,100,1.677306890487671,0.4562,753.4731,0.3115,skl_agglomerativeClust,fico.zip
12,euclidean,single,inf,20,1.6679844856262207,0.4562,753.4731,0.3115,skl_agglomerativeClust,fico.zip
12,euclidean,ward,1000.0,100,3.746384859085083,0.0973,1518.1729,2.1433,skl_agglomerativeClust,fico.zip
12,euclidean,ward,1000.0,20,3.735163927078247,0.0973,1518.1729,2.1433,skl_agglomerativeClust,fico.zip
12,euclidean,ward,100.0,100,3.702371597290039,0.093,1519.7488,2.0342,skl_agglomerativeClust,fico.zip
12,euclidean,ward,100.0,20,3.7428929805755615,0.0973,1518.1729,2.1433,skl_agglomerativeClust,fico.zip
12,euclidean,ward,20.0,20,3.227194309234619,0.0823,1480.4055,2.1911,skl_agglomerativeClust,fico.zip
12,euclidean,ward,inf,100,3.756824493408203,0.0973,1518.1729,2.1433,skl_agglomerativeClust,fico.zip
12,euclidean,ward,inf,20,3.730939149856568,0.0973,1518.1729,2.1433,skl_agglomerativeClust,fico.zip
2,correlation,average,1000.0,100,3.5677602291107178,0.0553,785.4739,3.0965,skl_agglomerativeClust,fico.zip
2,correlation,average,1000.0,20,3.561678647994995,0.0553,785.4739,3.0965,skl_agglomerativeClust,fico.zip
2,correlation,average,100.0,100,3.6082375049591056,0.0374,535.833,3.2581,skl_agglomerativeClust,fico.zip
2,correlation,average,100.0,20,3.5775368213653564,0.0553,785.4739,3.0965,skl_agglomerativeClust,fico.zip
2,correlation,average,20.0,20,3.0778026580810547,0.0564,620.3412,3.5288,skl_agglomerativeClust,fico.zip
2,correlation,average,inf,100,3.573143482208252,0.0553,785.4739,3.0965,skl_agglomerativeClust,fico.zip
2,correlation,average,inf,20,3.5750231742858887,0.0553,785.4739,3.0965,skl_agglomerativeClust,fico.zip
2,correlation,complete,1000.0,100,3.342434883117676,-0.0227,399.7547,3.7803,skl_agglomerativeClust,fico.zip
2,correlation,complete,1000.0,20,3.366384506225586,-0.0227,399.7547,3.7803,skl_agglomerativeClust,fico.zip
2,correlation,complete,100.0,100,3.367604255676269,0.0435,604.3091,3.5273,skl_agglomerativeClust,fico.zip
2,correlation,complete,100.0,20,3.380157709121704,-0.0227,399.7547,3.7803,skl_agglomerativeClust,fico.zip
2,correlation,complete,20.0,20,2.827521562576294,-0.0311,305.056,3.5256,skl_agglomerativeClust,fico.zip
2,correlation,complete,inf,100,3.3600401878356934,-0.0227,399.7547,3.7803,skl_agglomerativeClust,fico.zip
2,correlation,complete,inf,20,3.368307590484619,-0.0227,399.7547,3.7803,skl_agglomerativeClust,fico.zip
2,correlation,single,1000.0,100,1.1939737796783447,0.0544,0.8733,0.9208,skl_agglomerativeClust,fico.zip
2,correlation,single,1000.0,20,1.2042014598846436,0.0544,0.8733,0.9208,skl_agglomerativeClust,fico.zip
2,correlation,single,100.0,100,1.1878612041473389,0.0544,0.8733,0.9208,skl_agglomerativeClust,fico.zip
2,correlation,single,100.0,20,1.193518877029419,0.0544,0.8733,0.9208,skl_agglomerativeClust,fico.zip
2,correlation,single,20.0,20,1.176052808761597,0.0544,0.8733,0.9208,skl_agglomerativeClust,fico.zip
2,correlation,single,inf,100,1.1943233013153076,0.0544,0.8733,0.9208,skl_agglomerativeClust,fico.zip
2,correlation,single,inf,20,1.1864356994628906,0.0544,0.8733,0.9208,skl_agglomerativeClust,fico.zip
2,cosine,average,1000.0,100,3.606276512145996,0.6498,7431.3032,0.3642,skl_agglomerativeClust,fico.zip
2,cosine,average,1000.0,20,3.599269390106201,0.6498,7431.3032,0.3642,skl_agglomerativeClust,fico.zip
2,cosine,average,100.0,100,3.592179775238037,0.5939,5933.7858,0.6495,skl_agglomerativeClust,fico.zip
2,cosine,average,100.0,20,3.6019067764282227,0.6498,7431.3032,0.3642,skl_agglomerativeClust,fico.zip
2,cosine,average,20.0,20,3.0456082820892334,0.2059,1600.8976,2.3451,skl_agglomerativeClust,fico.zip
2,cosine,average,inf,100,3.6258158683776855,0.6498,7431.3032,0.3642,skl_agglomerativeClust,fico.zip
2,cosine,average,inf,20,3.602799892425537,0.6498,7431.3032,0.3642,skl_agglomerativeClust,fico.zip
2,cosine,complete,1000.0,100,3.3745617866516118,0.0122,441.72,3.8284,skl_agglomerativeClust,fico.zip
2,cosine,complete,1000.0,20,3.374490261077881,0.0122,441.72,3.8284,skl_agglomerativeClust,fico.zip
2,cosine,complete,100.0,100,3.424363136291504,0.0099,404.4378,4.3157,skl_agglomerativeClust,fico.zip
2,cosine,complete,100.0,20,3.364745855331421,0.0122,441.72,3.8284,skl_agglomerativeClust,fico.zip
2,cosine,complete,20.0,20,2.82991361618042,-0.0,486.4233,3.5457,skl_agglomerativeClust,fico.zip
2,cosine,complete,inf,100,3.3690433502197266,0.0122,441.72,3.8284,skl_agglomerativeClust,fico.zip
2,cosine,complete,inf,20,3.400115966796875,0.0122,441.72,3.8284,skl_agglomerativeClust,fico.zip
2,cosine,single,1000.0,100,1.1853513717651367,0.0462,1.3343,1.5622,skl_agglomerativeClust,fico.zip
2,cosine,single,1000.0,20,1.2069063186645508,0.0462,1.3343,1.5622,skl_agglomerativeClust,fico.zip
2,cosine,single,100.0,100,1.183779239654541,0.0462,1.3343,1.5622,skl_agglomerativeClust,fico.zip
2,cosine,single,100.0,20,1.1906259059906006,0.0462,1.3343,1.5622,skl_agglomerativeClust,fico.zip
2,cosine,single,20.0,20,1.1780354976654053,-0.304,0.0657,3.3573,skl_agglomerativeClust,fico.zip
2,cosine,single,inf,100,1.1920177936553955,0.0462,1.3343,1.5622,skl_agglomerativeClust,fico.zip
2,cosine,single,inf,20,1.183157205581665,0.0462,1.3343,1.5622,skl_agglomerativeClust,fico.zip
2,euclidean,average,1000.0,100,3.892439603805542,0.8043,39.5993,0.1369,skl_agglomerativeClust,fico.zip
2,euclidean,average,1000.0,20,3.902244806289673,0.8043,39.5993,0.1369,skl_agglomerativeClust,fico.zip
2,euclidean,average,100.0,100,3.8761796951293945,0.8043,39.5993,0.1369,skl_agglomerativeClust,fico.zip
2,euclidean,average,100.0,20,3.9329488277435294,0.8043,39.5993,0.1369,skl_agglomerativeClust,fico.zip
2,euclidean,average,20.0,20,3.362014055252075,0.8043,39.5993,0.1369,skl_agglomerativeClust,fico.zip
2,euclidean,average,inf,100,3.9177145957946777,0.8043,39.5993,0.1369,skl_agglomerativeClust,fico.zip
2,euclidean,average,inf,20,3.908093929290772,0.8043,39.5993,0.1369,skl_agglomerativeClust,fico.zip
2,euclidean,complete,1000.0,100,3.6396803855896,0.7671,54.0616,0.3605,skl_agglomerativeClust,fico.zip
2,euclidean,complete,1000.0,20,3.64906907081604,0.7671,54.0616,0.3605,skl_agglomerativeClust,fico.zip
2,euclidean,complete,100.0,100,3.6312003135681152,0.7671,54.0616,0.3605,skl_agglomerativeClust,fico.zip
2,euclidean,complete,100.0,20,3.682476282119751,0.7671,54.0616,0.3605,skl_agglomerativeClust,fico.zip
2,euclidean,complete,20.0,20,3.184999704360962,0.7671,54.0616,0.3605,skl_agglomerativeClust,fico.zip
2,euclidean,complete,inf,100,3.653714656829834,0.7671,54.0616,0.3605,skl_agglomerativeClust,fico.zip
2,euclidean,complete,inf,20,3.652012825012207,0.7671,54.0616,0.3605,skl_agglomerativeClust,fico.zip
2,euclidean,single,1000.0,100,1.6732127666473389,0.8043,39.5993,0.1369,skl_agglomerativeClust,fico.zip
2,euclidean,single,1000.0,20,1.669356107711792,0.8043,39.5993,0.1369,skl_agglomerativeClust,fico.zip
2,euclidean,single,100.0,100,1.666407585144043,0.8043,39.5993,0.1369,skl_agglomerativeClust,fico.zip
2,euclidean,single,100.0,20,1.6701834201812744,0.8043,39.5993,0.1369,skl_agglomerativeClust,fico.zip
2,euclidean,single,20.0,20,1.7738616466522217,0.8043,39.5993,0.1369,skl_agglomerativeClust,fico.zip
2,euclidean,single,inf,100,1.6714539527893066,0.8043,39.5993,0.1369,skl_agglomerativeClust,fico.zip
2,euclidean,single,inf,20,1.687086582183838,0.8043,39.5993,0.1369,skl_agglomerativeClust,fico.zip
2,euclidean,ward,1000.0,100,3.738054037094116,0.6613,7820.7431,0.295,skl_agglomerativeClust,fico.zip
2,euclidean,ward,1000.0,20,3.7447142601013184,0.6613,7820.7431,0.295,skl_agglomerativeClust,fico.zip
2,euclidean,ward,100.0,100,3.6974072456359854,0.6613,7820.7431,0.295,skl_agglomerativeClust,fico.zip
2,euclidean,ward,100.0,20,3.757110834121704,0.6613,7820.7431,0.295,skl_agglomerativeClust,fico.zip
2,euclidean,ward,20.0,20,3.291194438934326,0.6613,7820.7431,0.295,skl_agglomerativeClust,fico.zip
2,euclidean,ward,inf,100,3.747984170913696,0.6613,7820.7431,0.295,skl_agglomerativeClust,fico.zip
2,euclidean,ward,inf,20,3.74954891204834,0.6613,7820.7431,0.295,skl_agglomerativeClust,fico.zip
4,correlation,average,1000.0,100,3.6017961502075195,0.0226,820.8922,2.5705,skl_agglomerativeClust,fico.zip
4,correlation,average,1000.0,20,3.567900419235229,0.0226,820.8922,2.5705,skl_agglomerativeClust,fico.zip
4,correlation,average,100.0,100,3.62361478805542,-0.0114,612.2522,2.9053,skl_agglomerativeClust,fico.zip
4,correlation,average,100.0,20,3.57143497467041,0.0226,820.8922,2.5705,skl_agglomerativeClust,fico.zip
4,correlation,average,20.0,20,3.069996833801269,-0.0035,623.9588,2.7396,skl_agglomerativeClust,fico.zip
4,correlation,average,inf,100,3.588376760482788,0.0226,820.8922,2.5705,skl_agglomerativeClust,fico.zip
4,correlation,average,inf,20,3.5887959003448486,0.0226,820.8922,2.5705,skl_agglomerativeClust,fico.zip
4,correlation,complete,1000.0,100,3.3456201553344727,-0.0536,473.5527,3.162,skl_agglomerativeClust,fico.zip
4,correlation,complete,1000.0,20,3.3660829067230225,-0.0536,473.5527,3.162,skl_agglomerativeClust,fico.zip
4,correlation,complete,100.0,100,3.657111167907715,0.0213,925.3605,2.7113,skl_agglomerativeClust,fico.zip
4,correlation,complete,100.0,20,3.3487088680267334,-0.0536,473.5527,3.162,skl_agglomerativeClust,fico.zip
4,correlation,complete,20.0,20,2.8366739749908447,-0.0163,644.8193,3.2582,skl_agglomerativeClust,fico.zip
4,correlation,complete,inf,100,3.3583133220672607,-0.0536,473.5527,3.162,skl_agglomerativeClust,fico.zip
4,correlation,complete,inf,20,3.3696112632751465,-0.0536,473.5527,3.162,skl_agglomerativeClust,fico.zip
4,correlation,single,1000.0,100,1.2002513408660889,-0.3243,0.3766,2.2194,skl_agglomerativeClust,fico.zip
4,correlation,single,1000.0,20,1.1907007694244385,-0.3243,0.3766,2.2194,skl_agglomerativeClust,fico.zip
4,correlation,single,100.0,100,1.18750262260437,-0.3243,0.3766,2.2194,skl_agglomerativeClust,fico.zip
4,correlation,single,100.0,20,1.1924219131469729,-0.3243,0.3766,2.2194,skl_agglomerativeClust,fico.zip
4,correlation,single,20.0,20,1.1894450187683103,-0.1618,0.7118,1.076,skl_agglomerativeClust,fico.zip
4,correlation,single,inf,100,1.192670822143555,-0.3243,0.3766,2.2194,skl_agglomerativeClust,fico.zip
4,correlation,single,inf,20,1.1905994415283203,-0.3243,0.3766,2.2194,skl_agglomerativeClust,fico.zip
4,cosine,average,1000.0,100,3.6115124225616455,0.1081,3291.2653,2.3782,skl_agglomerativeClust,fico.zip
4,cosine,average,1000.0,20,3.618736267089844,0.1081,3291.2653,2.3782,skl_agglomerativeClust,fico.zip
4,cosine,average,100.0,100,3.608514070510864,0.0933,2588.3093,2.3187,skl_agglomerativeClust,fico.zip
4,cosine,average,100.0,20,3.606506824493408,0.1081,3291.2653,2.3782,skl_agglomerativeClust,fico.zip
4,cosine,average,20.0,20,3.0407867431640625,0.0602,1665.7811,2.6577,skl_agglomerativeClust,fico.zip
4,cosine,average,inf,100,3.62276840209961,0.1081,3291.2653,2.3782,skl_agglomerativeClust,fico.zip
4,cosine,average,inf,20,3.595151424407959,0.1081,3291.2653,2.3782,skl_agglomerativeClust,fico.zip
4,cosine,complete,1000.0,100,3.3678832054138184,-0.0235,549.7725,3.0482,skl_agglomerativeClust,fico.zip
4,cosine,complete,1000.0,20,3.367050886154175,-0.0235,549.7725,3.0482,skl_agglomerativeClust,fico.zip
4,cosine,complete,100.0,100,3.447539806365967,-0.0335,645.1188,4.3827,skl_agglomerativeClust,fico.zip
4,cosine,complete,100.0,20,3.3694076538085938,-0.0235,549.7725,3.0482,skl_agglomerativeClust,fico.zip
4,cosine,complete,20.0,20,2.810605525970459,-0.0116,643.9309,3.0055,skl_agglomerativeClust,fico.zip
4,cosine,complete,inf,100,3.3775172233581543,-0.0235,549.7725,3.0482,skl_agglomerativeClust,fico.zip
4,cosine,complete,inf,20,3.389765501022339,-0.0235,549.7725,3.0482,skl_agglomerativeClust,fico.zip
4,cosine,single,1000.0,100,1.1932439804077148,0.1464,2608.3042,0.6483,skl_agglomerativeClust,fico.zip
4,cosine,single,1000.0,20,1.1920430660247805,0.1464,2608.3042,0.6483,skl_agglomerativeClust,fico.zip
4,cosine,single,100.0,100,1.1981186866760254,0.1464,2608.3042,0.6483,skl_agglomerativeClust,fico.zip
4,cosine,single,100.0,20,1.1908931732177734,0.1464,2608.3042,0.6483,skl_agglomerativeClust,fico.zip
4,cosine,single,20.0,20,1.1774749755859375,-0.1818,2607.4864,1.4039,skl_agglomerativeClust,fico.zip
4,cosine,single,inf,100,1.1872248649597168,0.1464,2608.3042,0.6483,skl_agglomerativeClust,fico.zip
4,cosine,single,inf,20,1.186426877975464,0.1464,2608.3042,0.6483,skl_agglomerativeClust,fico.zip
4,euclidean,average,1000.0,100,3.894309043884277,0.6616,2701.6678,0.2737,skl_agglomerativeClust,fico.zip
4,euclidean,average,1000.0,20,3.9242560863494873,0.6616,2701.6678,0.2737,skl_agglomerativeClust,fico.zip
4,euclidean,average,100.0,100,3.8994433879852295,0.6616,2701.6678,0.2737,skl_agglomerativeClust,fico.zip
4,euclidean,average,100.0,20,3.914049386978149,0.6616,2701.6678,0.2737,skl_agglomerativeClust,fico.zip
4,euclidean,average,20.0,20,3.3806610107421875,0.6616,2701.6678,0.2737,skl_agglomerativeClust,fico.zip
4,euclidean,average,inf,100,3.899990558624268,0.6616,2701.6678,0.2737,skl_agglomerativeClust,fico.zip
4,euclidean,average,inf,20,3.906982898712158,0.6616,2701.6678,0.2737,skl_agglomerativeClust,fico.zip
4,euclidean,complete,1000.0,100,3.6392531394958496,0.3242,108.775,0.7856,skl_agglomerativeClust,fico.zip
4,euclidean,complete,1000.0,20,3.670091152191162,0.3242,108.775,0.7856,skl_agglomerativeClust,fico.zip
4,euclidean,complete,100.0,100,3.649614095687866,0.5482,68.5668,0.5872,skl_agglomerativeClust,fico.zip
4,euclidean,complete,100.0,20,3.6628732681274414,0.3242,108.775,0.7856,skl_agglomerativeClust,fico.zip
4,euclidean,complete,20.0,20,3.1380202770233154,0.377,916.1866,1.1982,skl_agglomerativeClust,fico.zip
4,euclidean,complete,inf,100,3.6450462341308594,0.3242,108.775,0.7856,skl_agglomerativeClust,fico.zip
4,euclidean,complete,inf,20,3.6530895233154297,0.3242,108.775,0.7856,skl_agglomerativeClust,fico.zip
4,euclidean,single,1000.0,100,1.6891353130340576,0.6616,2701.6678,0.2737,skl_agglomerativeClust,fico.zip
4,euclidean,single,1000.0,20,1.6714591979980469,0.6616,2701.6678,0.2737,skl_agglomerativeClust,fico.zip
4,euclidean,single,100.0,100,1.6648614406585691,0.6616,2701.6678,0.2737,skl_agglomerativeClust,fico.zip
4,euclidean,single,100.0,20,1.6812150478363037,0.6616,2701.6678,0.2737,skl_agglomerativeClust,fico.zip
4,euclidean,single,20.0,20,1.7693071365356443,0.6616,2701.6678,0.2737,skl_agglomerativeClust,fico.zip
4,euclidean,single,inf,100,1.6724467277526855,0.6616,2701.6678,0.2737,skl_agglomerativeClust,fico.zip
4,euclidean,single,inf,20,1.683443307876587,0.6616,2701.6678,0.2737,skl_agglomerativeClust,fico.zip
4,euclidean,ward,1000.0,100,3.744772434234619,0.1481,3479.0142,1.9637,skl_agglomerativeClust,fico.zip
4,euclidean,ward,1000.0,20,3.756007671356201,0.1481,3479.0142,1.9637,skl_agglomerativeClust,fico.zip
4,euclidean,ward,100.0,100,3.696298122406006,0.1093,3372.4007,2.529,skl_agglomerativeClust,fico.zip
4,euclidean,ward,100.0,20,3.7620768547058105,0.1481,3479.0142,1.9637,skl_agglomerativeClust,fico.zip
4,euclidean,ward,20.0,20,3.259368658065796,0.1099,3383.9307,2.5131,skl_agglomerativeClust,fico.zip
4,euclidean,ward,inf,100,3.761719703674317,0.1481,3479.0142,1.9637,skl_agglomerativeClust,fico.zip
4,euclidean,ward,inf,20,3.764355182647705,0.1481,3479.0142,1.9637,skl_agglomerativeClust,fico.zip
6,correlation,average,1000.0,100,3.5486772060394287,0.0412,836.046,2.5517,skl_agglomerativeClust,fico.zip
6,correlation,average,1000.0,20,3.568049669265747,0.0412,836.046,2.5517,skl_agglomerativeClust,fico.zip
6,correlation,average,100.0,100,3.592726469039917,0.0117,585.248,2.6862,skl_agglomerativeClust,fico.zip
6,correlation,average,100.0,20,3.5663259029388428,0.0412,836.046,2.5517,skl_agglomerativeClust,fico.zip
6,correlation,average,20.0,20,3.056793212890625,0.0057,514.634,2.5722,skl_agglomerativeClust,fico.zip
6,correlation,average,inf,100,3.570552349090576,0.0412,836.046,2.5517,skl_agglomerativeClust,fico.zip
6,correlation,average,inf,20,3.549123287200928,0.0412,836.046,2.5517,skl_agglomerativeClust,fico.zip
6,correlation,complete,1000.0,100,3.3466711044311523,-0.0013,746.8923,3.0689,skl_agglomerativeClust,fico.zip
6,correlation,complete,1000.0,20,3.337121725082397,-0.0013,746.8923,3.0689,skl_agglomerativeClust,fico.zip
6,correlation,complete,100.0,100,3.34216046333313,0.0062,808.3948,3.1775,skl_agglomerativeClust,fico.zip
6,correlation,complete,100.0,20,3.3407931327819824,-0.0013,746.8923,3.0689,skl_agglomerativeClust,fico.zip
6,correlation,complete,20.0,20,2.841766595840454,-0.0501,438.3089,3.4646,skl_agglomerativeClust,fico.zip
6,correlation,complete,inf,100,3.364637851715088,-0.0013,746.8923,3.0689,skl_agglomerativeClust,fico.zip
6,correlation,complete,inf,20,3.341814517974853,-0.0013,746.8923,3.0689,skl_agglomerativeClust,fico.zip
6,correlation,single,1000.0,100,1.184462308883667,-0.3338,0.3654,1.9921,skl_agglomerativeClust,fico.zip
6,correlation,single,1000.0,20,1.180192947387695,-0.3338,0.3654,1.9921,skl_agglomerativeClust,fico.zip
6,correlation,single,100.0,100,1.182852029800415,-0.3318,0.3589,2.0171,skl_agglomerativeClust,fico.zip
6,correlation,single,100.0,20,1.1948144435882568,-0.3338,0.3654,1.9921,skl_agglomerativeClust,fico.zip
6,correlation,single,20.0,20,1.1895668506622314,-0.2774,0.5769,1.3835,skl_agglomerativeClust,fico.zip
6,correlation,single,inf,100,1.181528091430664,-0.3338,0.3654,1.9921,skl_agglomerativeClust,fico.zip
6,correlation,single,inf,20,1.1872892379760742,-0.3338,0.3654,1.9921,skl_agglomerativeClust,fico.zip
6,cosine,average,1000.0,100,3.58172869682312,0.087,2287.4266,2.3753,skl_agglomerativeClust,fico.zip
6,cosine,average,1000.0,20,3.5959742069244385,0.087,2287.4266,2.3753,skl_agglomerativeClust,fico.zip
6,cosine,average,100.0,100,3.559149742126465,0.088,1772.1814,2.2341,skl_agglomerativeClust,fico.zip
6,cosine,average,100.0,20,3.599623918533325,0.087,2287.4266,2.3753,skl_agglomerativeClust,fico.zip
6,cosine,average,20.0,20,3.0550334453582764,0.0966,2089.0811,2.2504,skl_agglomerativeClust,fico.zip
6,cosine,average,inf,100,3.591137647628784,0.087,2287.4266,2.3753,skl_agglomerativeClust,fico.zip
6,cosine,average,inf,20,3.60577130317688,0.087,2287.4266,2.3753,skl_agglomerativeClust,fico.zip
6,cosine,complete,1000.0,100,3.3744521141052246,-0.0202,563.6533,2.9585,skl_agglomerativeClust,fico.zip
6,cosine,complete,1000.0,20,3.351780414581299,-0.0202,563.6533,2.9585,skl_agglomerativeClust,fico.zip
6,cosine,complete,100.0,100,3.3968069553375244,-0.0136,622.709,3.4202,skl_agglomerativeClust,fico.zip
6,cosine,complete,100.0,20,3.3474481105804443,-0.0202,563.6533,2.9585,skl_agglomerativeClust,fico.zip
6,cosine,complete,20.0,20,2.826965808868408,-0.0079,596.6876,3.417,skl_agglomerativeClust,fico.zip
6,cosine,complete,inf,100,3.364031791687012,-0.0202,563.6533,2.9585,skl_agglomerativeClust,fico.zip
6,cosine,complete,inf,20,3.359294891357422,-0.0202,563.6533,2.9585,skl_agglomerativeClust,fico.zip
6,cosine,single,1000.0,100,1.1792736053466797,-0.1136,1565.029,1.0264,skl_agglomerativeClust,fico.zip
6,cosine,single,1000.0,20,1.2035517692565918,-0.1136,1565.029,1.0264,skl_agglomerativeClust,fico.zip
6,cosine,single,100.0,100,1.1827139854431152,-0.1136,1565.029,1.0264,skl_agglomerativeClust,fico.zip
6,cosine,single,100.0,20,1.184208869934082,-0.1136,1565.029,1.0264,skl_agglomerativeClust,fico.zip
6,cosine,single,20.0,20,1.2071223258972168,-0.1982,1564.8405,1.3768,skl_agglomerativeClust,fico.zip
6,cosine,single,inf,100,1.1836998462677002,-0.1136,1565.029,1.0264,skl_agglomerativeClust,fico.zip
6,cosine,single,inf,20,1.18036150932312,-0.1136,1565.029,1.0264,skl_agglomerativeClust,fico.zip
6,euclidean,average,1000.0,100,3.911134958267212,0.6112,1696.2398,0.545,skl_agglomerativeClust,fico.zip
6,euclidean,average,1000.0,20,3.890712976455689,0.6112,1696.2398,0.545,skl_agglomerativeClust,fico.zip
6,euclidean,average,100.0,100,3.8999569416046143,0.5969,1686.0032,0.4269,skl_agglomerativeClust,fico.zip
6,euclidean,average,100.0,20,3.896749496459961,0.6112,1696.2398,0.545,skl_agglomerativeClust,fico.zip
6,euclidean,average,20.0,20,3.385014772415161,0.594,1691.8037,0.4481,skl_agglomerativeClust,fico.zip
6,euclidean,average,inf,100,3.915412425994873,0.6112,1696.2398,0.545,skl_agglomerativeClust,fico.zip
6,euclidean,average,inf,20,3.894067287445069,0.6112,1696.2398,0.545,skl_agglomerativeClust,fico.zip
6,euclidean,complete,1000.0,100,3.652693748474121,0.2441,1836.5502,0.9581,skl_agglomerativeClust,fico.zip
6,euclidean,complete,1000.0,20,3.636470079421997,0.2441,1836.5502,0.9581,skl_agglomerativeClust,fico.zip
6,euclidean,complete,100.0,100,3.643057584762573,0.2551,1767.4268,0.8966,skl_agglomerativeClust,fico.zip
6,euclidean,complete,100.0,20,3.648167371749878,0.2441,1836.5502,0.9581,skl_agglomerativeClust,fico.zip
6,euclidean,complete,20.0,20,3.200661420822144,0.197,1850.4317,1.1933,skl_agglomerativeClust,fico.zip
6,euclidean,complete,inf,100,3.674332857131958,0.2441,1836.5502,0.9581,skl_agglomerativeClust,fico.zip
6,euclidean,complete,inf,20,3.642354726791382,0.2441,1836.5502,0.9581,skl_agglomerativeClust,fico.zip
6,euclidean,single,1000.0,100,1.664604902267456,0.6019,1625.6572,0.2186,skl_agglomerativeClust,fico.zip
6,euclidean,single,1000.0,20,1.664655685424805,0.6019,1625.6572,0.2186,skl_agglomerativeClust,fico.zip
6,euclidean,single,100.0,100,1.6850123405456543,0.6019,1625.6572,0.2186,skl_agglomerativeClust,fico.zip
6,euclidean,single,100.0,20,1.6684963703155518,0.6019,1625.6572,0.2186,skl_agglomerativeClust,fico.zip
6,euclidean,single,20.0,20,1.7697482109069824,0.6019,1625.6572,0.2186,skl_agglomerativeClust,fico.zip
6,euclidean,single,inf,100,1.6795003414154053,0.6019,1625.6572,0.2186,skl_agglomerativeClust,fico.zip
6,euclidean,single,inf,20,1.6662514209747314,0.6019,1625.6572,0.2186,skl_agglomerativeClust,fico.zip
6,euclidean,ward,1000.0,100,3.752832412719727,0.0983,2462.5591,2.2744,skl_agglomerativeClust,fico.zip
6,euclidean,ward,1000.0,20,3.735028505325317,0.0983,2462.5591,2.2744,skl_agglomerativeClust,fico.zip
6,euclidean,ward,100.0,100,3.693751573562622,0.1094,2425.0793,2.3221,skl_agglomerativeClust,fico.zip
6,euclidean,ward,100.0,20,3.745806217193604,0.0983,2462.5591,2.2744,skl_agglomerativeClust,fico.zip
6,euclidean,ward,20.0,20,3.2534196376800537,0.1095,2421.7056,2.306,skl_agglomerativeClust,fico.zip
6,euclidean,ward,inf,100,3.744126319885254,0.0983,2462.5591,2.2744,skl_agglomerativeClust,fico.zip
6,euclidean,ward,inf,20,3.773406028747559,0.0983,2462.5591,2.2744,skl_agglomerativeClust,fico.zip
8,correlation,average,1000.0,100,3.5685219764709477,0.0328,682.2502,2.4911,skl_agglomerativeClust,fico.zip
8,correlation,average,1000.0,20,3.5576813220977783,0.0328,682.2502,2.4911,skl_agglomerativeClust,fico.zip
8,correlation,average,100.0,100,3.5980474948883057,0.0051,491.5644,2.5563,skl_agglomerativeClust,fico.zip
8,correlation,average,100.0,20,3.554261445999145,0.0328,682.2502,2.4911,skl_agglomerativeClust,fico.zip
8,correlation,average,20.0,20,3.039823055267334,0.0467,845.1747,2.5558,skl_agglomerativeClust,fico.zip
8,correlation,average,inf,100,3.550358295440674,0.0328,682.2502,2.4911,skl_agglomerativeClust,fico.zip
8,correlation,average,inf,20,3.589224576950073,0.0328,682.2502,2.4911,skl_agglomerativeClust,fico.zip
8,correlation,complete,1000.0,100,3.3551695346832275,-0.0035,589.5516,2.9229,skl_agglomerativeClust,fico.zip
8,correlation,complete,1000.0,20,3.346443891525269,-0.0035,589.5516,2.9229,skl_agglomerativeClust,fico.zip
8,correlation,complete,100.0,100,3.3426995277404785,-0.0119,647.9042,3.0134,skl_agglomerativeClust,fico.zip
8,correlation,complete,100.0,20,3.3408477306365967,-0.0035,589.5516,2.9229,skl_agglomerativeClust,fico.zip
8,correlation,complete,20.0,20,2.8050243854522705,-0.0038,663.7642,3.2892,skl_agglomerativeClust,fico.zip
8,correlation,complete,inf,100,3.3467226028442383,-0.0035,589.5516,2.9229,skl_agglomerativeClust,fico.zip
8,correlation,complete,inf,20,3.3449723720550537,-0.0035,589.5516,2.9229,skl_agglomerativeClust,fico.zip
8,correlation,single,1000.0,100,1.1841237545013428,-0.3401,0.4067,1.8463,skl_agglomerativeClust,fico.zip
8,correlation,single,1000.0,20,1.2003755569458008,-0.3401,0.4067,1.8463,skl_agglomerativeClust,fico.zip
8,correlation,single,100.0,100,1.1818363666534424,-0.3423,0.316,1.9838,skl_agglomerativeClust,fico.zip
8,correlation,single,100.0,20,1.183304786682129,-0.3401,0.4067,1.8463,skl_agglomerativeClust,fico.zip
8,correlation,single,20.0,20,1.1737265586853027,-0.3359,0.4485,1.8713,skl_agglomerativeClust,fico.zip
8,correlation,single,inf,100,1.1854743957519531,-0.3401,0.4067,1.8463,skl_agglomerativeClust,fico.zip
8,correlation,single,inf,20,1.1872482299804688,-0.3401,0.4067,1.8463,skl_agglomerativeClust,fico.zip
8,cosine,average,1000.0,100,3.5829553604125977,0.0255,1701.9602,2.2736,skl_agglomerativeClust,fico.zip
8,cosine,average,1000.0,20,3.613131284713745,0.0255,1701.9602,2.2736,skl_agglomerativeClust,fico.zip
8,cosine,average,100.0,100,3.579454183578491,0.0522,1387.0656,2.2835,skl_agglomerativeClust,fico.zip
8,cosine,average,100.0,20,3.586089372634888,0.0255,1701.9602,2.2736,skl_agglomerativeClust,fico.zip
8,cosine,average,20.0,20,2.9936084747314453,0.0681,1548.1792,2.459,skl_agglomerativeClust,fico.zip
8,cosine,average,inf,100,3.5871729850769043,0.0255,1701.9602,2.2736,skl_agglomerativeClust,fico.zip
8,cosine,average,inf,20,3.600871086120605,0.0255,1701.9602,2.2736,skl_agglomerativeClust,fico.zip
8,cosine,complete,1000.0,100,3.350191116333008,-0.0262,467.0474,2.6959,skl_agglomerativeClust,fico.zip
8,cosine,complete,1000.0,20,3.383965015411377,-0.0262,467.0474,2.6959,skl_agglomerativeClust,fico.zip
8,cosine,complete,100.0,100,3.43190860748291,-0.0328,513.247,3.0597,skl_agglomerativeClust,fico.zip
8,cosine,complete,100.0,20,3.360665798187256,-0.0262,467.0474,2.6959,skl_agglomerativeClust,fico.zip
8,cosine,complete,20.0,20,2.79896092414856,-0.0282,457.631,3.6816,skl_agglomerativeClust,fico.zip
8,cosine,complete,inf,100,3.3627405166625977,-0.0262,467.0474,2.6959,skl_agglomerativeClust,fico.zip
8,cosine,complete,inf,20,3.3786306381225586,-0.0262,467.0474,2.6959,skl_agglomerativeClust,fico.zip
8,cosine,single,1000.0,100,1.179835319519043,-0.2019,1117.7828,1.3724,skl_agglomerativeClust,fico.zip
8,cosine,single,1000.0,20,1.2056572437286377,-0.2019,1117.7828,1.3724,skl_agglomerativeClust,fico.zip
8,cosine,single,100.0,100,1.1813220977783203,-0.2019,1117.7828,1.3724,skl_agglomerativeClust,fico.zip
8,cosine,single,100.0,20,1.1829233169555664,-0.2019,1117.7828,1.3724,skl_agglomerativeClust,fico.zip
8,cosine,single,20.0,20,1.1625792980194092,-0.2006,1118.0628,1.2717,skl_agglomerativeClust,fico.zip
8,cosine,single,inf,100,1.1833195686340332,-0.2019,1117.7828,1.3724,skl_agglomerativeClust,fico.zip
8,cosine,single,inf,20,1.180575609207153,-0.2019,1117.7828,1.3724,skl_agglomerativeClust,fico.zip
8,euclidean,average,1000.0,100,3.891623973846436,0.5902,1215.0594,0.4456,skl_agglomerativeClust,fico.zip
8,euclidean,average,1000.0,20,3.888601303100586,0.5902,1215.0594,0.4456,skl_agglomerativeClust,fico.zip
8,euclidean,average,100.0,100,3.89699912071228,0.5589,1220.831,0.5693,skl_agglomerativeClust,fico.zip
8,euclidean,average,100.0,20,3.881176710128784,0.5902,1215.0594,0.4456,skl_agglomerativeClust,fico.zip
8,euclidean,average,20.0,20,3.347417116165161,0.5583,1225.0241,0.5779,skl_agglomerativeClust,fico.zip
8,euclidean,average,inf,100,3.900918245315552,0.5902,1215.0594,0.4456,skl_agglomerativeClust,fico.zip
8,euclidean,average,inf,20,3.877189159393311,0.5902,1215.0594,0.4456,skl_agglomerativeClust,fico.zip
8,euclidean,complete,1000.0,100,3.637938976287842,0.2338,1343.9396,1.035,skl_agglomerativeClust,fico.zip
8,euclidean,complete,1000.0,20,3.632734775543213,0.2338,1343.9396,1.035,skl_agglomerativeClust,fico.zip
8,euclidean,complete,100.0,100,3.640632152557373,0.1808,1328.4719,1.0965,skl_agglomerativeClust,fico.zip
8,euclidean,complete,100.0,20,3.626606702804565,0.2338,1343.9396,1.035,skl_agglomerativeClust,fico.zip
8,euclidean,complete,20.0,20,3.1589856147766118,0.0944,1478.6089,1.5444,skl_agglomerativeClust,fico.zip
8,euclidean,complete,inf,100,3.6557323932647705,0.2338,1343.9396,1.035,skl_agglomerativeClust,fico.zip
8,euclidean,complete,inf,20,3.625144243240357,0.2338,1343.9396,1.035,skl_agglomerativeClust,fico.zip
8,euclidean,single,1000.0,100,1.6791424751281738,0.586,1167.3038,0.2334,skl_agglomerativeClust,fico.zip
8,euclidean,single,1000.0,20,1.6796844005584717,0.586,1167.3038,0.2334,skl_agglomerativeClust,fico.zip
8,euclidean,single,100.0,100,1.6722581386566162,0.586,1167.3038,0.2334,skl_agglomerativeClust,fico.zip
8,euclidean,single,100.0,20,1.6809768676757812,0.586,1167.3038,0.2334,skl_agglomerativeClust,fico.zip
8,euclidean,single,20.0,20,1.769364833831787,0.5951,1175.896,0.2496,skl_agglomerativeClust,fico.zip
8,euclidean,single,inf,100,1.6731998920440674,0.586,1167.3038,0.2334,skl_agglomerativeClust,fico.zip
8,euclidean,single,inf,20,1.6709449291229248,0.586,1167.3038,0.2334,skl_agglomerativeClust,fico.zip
8,euclidean,ward,1000.0,100,3.7400925159454346,0.087,2004.468,2.0822,skl_agglomerativeClust,fico.zip
8,euclidean,ward,1000.0,20,3.725635528564453,0.087,2004.468,2.0822,skl_agglomerativeClust,fico.zip
8,euclidean,ward,100.0,100,3.709421157836914,0.106,1993.2865,2.1561,skl_agglomerativeClust,fico.zip
8,euclidean,ward,100.0,20,3.72753381729126,0.087,2004.468,2.0822,skl_agglomerativeClust,fico.zip
8,euclidean,ward,20.0,20,3.2588791847229004,0.1138,1959.1701,2.0867,skl_agglomerativeClust,fico.zip
8,euclidean,ward,inf,100,3.7450528144836426,0.087,2004.468,2.0822,skl_agglomerativeClust,fico.zip
8,euclidean,ward,inf,20,3.72132420539856,0.087,2004.468,2.0822,skl_agglomerativeClust,fico.zip
